mrank,name,year
1,Estella Warren,2000
2,Mena Suvari,2000
3,Kim Smith,2000
4,Christina Aguilera,2000
5,Shannon Elizabeth,2000
6,Gisele Bundchen,2000
7,Amanda Peet,2000
8,Jessica Alba,2000
9,Thandie Newton,2000
10,Piper Parabo,2000
11,Rachael Leigh Cook,2000
12,Virginie Ledoyen,2000
13,Reese Witherspoon,2000
14,Susan Ward,2000
15,Penelope Cruz,2000
16,Charisma Carpenter,2000
17,Lucy Liu,2000
18,Jodi Lyn O'Keefe,2000
19,Kate Hudson,2000
20,Amy Smart,2000
21,Marley Shelton,2000
22,China Chow,2000
23,Izabella Miko,2000
24,Tara Reid,2000
25,Laetitia Casta,2000
26,Kristy Swanson,2000
27,Melissa Joan Hart,2000
28,Julia Stiles,2000
29,Nichole Robinson,2000
30,Jessica Biel,2000
31,Thora Birch,2000
32,Lee Lee Sobieski,2000
33,Yamila-Diaz Rahi,2000
34,Leslie Bibb,2000
35,Michael Michele,2000
36,Laura Prepon,2000
37,Jordana Brewster,2000
38,Ana Beatriz Barros,2000
39,Samantha Mathis,2000
40,Kirsten Dunst,2000
41,Aaliyah,2000
42,Melania Knauss,2000
43,Jessica Simpson,2000
44,Mia Kirshner,2000
45,Jenny McCarthy,2000
46,Vinessa Shaw,2000
47,Coco Lee,2000
48,Samantha Morton,2000
49,Connie Nielsen,2000
50,Alice Dodd,2000
51,Shri Appleby,2000
52,Maria Bello,2000
53,Jennifer O'Dell,2000
54,Ananda Lewis,2000
55,Esther Canadas,2000
56,Ana Paula Lemes,2000
57,Simone Mutherties,2000
58,Tamala Jones,2000
59,Robin Tunney,2000
60,Anna Friel,2000
61,Ehrinn Cummings,2000
62,Guilianna Ramirez,2000
63,Britney Spears,2000
64,Lori Heuring,2000
65,Brittany Daniel,2000
66,Anna Kournikova,2000
67,Alecia Elliott,2000
68,Adriana Lima,2000
69,Lorri Bagley,2000
70,Jaime King,2000
71,Leonor Varela,2000
72,Alicia Witt,2000
73,Charli Baltimore,2000
74,Hilary Swank,2000
75,Marla Sokoloff,2000
76,Portia de Rossi,2000
77,Foxy Brown,2000
78,Dominique Swain,2000
79,Rosario Dawson,2000
80,Eliza Dushku,2000
81,Tricia Vessey,2000
82,Radha Mitchell,2000
83,Sarah Wynter,2000
84,Chloe Sevigny,2000
85,Kate Beckinsale,2000
86,Rhona Mitra,2000
87,Georgianna Robertson,2000
88,Bijou Phillips,2000
89,Natalie Imbruglia,2000
90,Lisa Marie,2000
91,Cameron Richardson,2000
92,Lil' Kim,2000
93,Brittany Murphy,2000
94,Marisa Coughlan,2000
95,Sarah Polley,2000
96,Marika Domincyzx,2000
97,Mariah O'Brien,2000
98,Amber Valletta,2000
99,Katherine Heigl,2000
100,Jaime Pressly,2000
1,Jessica Alba,2001
2,Kirsten Dunst,2001
3,Kate Hudson,2001
4,Beyonce,2001
5,Gisele Bundchen,2001
6,Tara Reid,2001
7,Britney Spears,2001
8,Estella Warren,2001
9,Mena Suvari,2001
10,Eliza Dushku,2001
11,Kim Smith,2001
12,Christina Aguilera,2001
13,Amanda Peet,2001
14,Aaliyah,2001
15,Adriana Lima,2001
16,Julia Stiles,2001
17,Ali Larter,2001
18,Yamila-Diaz Rahi,2001
19,Jaime King,2001
20,Marley Shelton,2001
21,Laura Prepon,2001
22,Rachelle Weisz,2001
23,Rosario Dawson,2001
24,Garcelle Beauvais,2001
25,Mandy Moore,2001
26,Marisa Coughlan,2001
27,Monet Mazur,2001
28,Shannyn Sossamon,2001
29,Rachael Leigh Cook,2001
30,Jordana Brewster,2001
31,Lee Lee Sobieski,2001
32,Michelle Rodriguez,2001
33,Shannon Elizabeth,2001
34,Ziyi Zhang,2001
35,Brooke Burke,2001
36,Erika Christensen,2001
37,Sofia Vergara,2001
38,Monica Potter,2001
39,Kate Beckinsale,2001
40,Molly Sims,2001
41,Roselyn Sanchez,2001
42,Drea de Matteo,2001
43,Josie Maran,2001
44,Monica Bellucci,2001
45,Patricia Velasquez,2001
46,Rhona Mitra,2001
47,Magdalena,2001
48,Izabella Miko,2001
49,Shakara Ledard,2001
50,Tessie Santiago,2001
51,Emmanuelle Chriqui,2001
52,Izabella Scorupco,2001
53,Jessica Simpson,2001
54,China Chow,2001
55,Summer Altice,2001
56,Michelle Behennah,2001
57,Leslie Bibb,2001
58,Colleen Haskell,2001
59,Carla Gugino,2001
60,Monica Keena,2001
61,Amanda Detmer,2001
62,Mila Kunis,2001
63,Amanda Marcum,2001
64,Alicia Witt,2001
65,Mia Kirshner,2001
66,Lujan Fernandez,2001
67,Mia Maestro,2001
68,Sanaa Lathan,2001
69,Anna Paquin,2001
70,Georgina Grenville,2001
71,Megan Ewing,2001
72,Jessica Pare,2001
73,Sarah Wynter,2001
74,Marla Sokoloff,2001
75,Nelly Furtado,2001
76,Vitamin C,2001
77,Jennifer Gimenez,2001
78,Brittany Daniel,2001
79,Kate Groombridge,2001
80,Carol Grow,2001
81,Robin Tunney,2001
82,Samantha Mumba,2001
83,Scarlett Chorvat,2001
84,Xenia Seeberg,2001
85,Thora Birch,2001
86,Sara Spraker,2001
87,Aki,2001
88,Krista Allen,2001
89,Melissa George,2001
90,Bridget Moynahan,2001
91,Jolene Blalock,2001
92,Cameron Richardson,2001
93,Ana Beatriz Barros,2001
94,Tatiana Zavialova,2001
95,Ashley Tappin,2001
96,Erica Leerhsen,2001
97,Jessica Cauffiel,2001
98,Majandra Delfino,2001
99,Rachel Blanchard,2001
100,Nichole Robinson,2001
1,Jennifer Garner,2002
2,Kirsten Dunst,2002
3,Beyonce,2002
4,Tara Reid,2002
5,Jessica Alba,2002
6,Gisele Bundchen,2002
7,Halle Berry,2002
8,Christina Aguilera,2002
9,Monica Bellucci,2002
10,Jolene Blalock,2002
11,Leonor Varela,2002
12,Alicia Keys,2002
13,Eliza Dushku,2002
14,Megan Ewing,2002
15,Shakira,2002
16,Sarah Michelle Gellar,2002
17,Brittany Murphy,2002
18,Kelly Hu,2002
19,Rosario Dawson,2002
20,Jessica Simpson,2002
21,Asia Argento,2002
22,Mandy Moore,2002
23,Sofia Vergara,2002
24,Jamie-Lynn Sigler,2002
25,Amanda Peet,2002
26,Naomi Watts,2002
27,Summer Altice,2002
28,Kim Smith,2002
29,Lee Lee Sobieski,2002
30,Jaime Pressly,2002
31,Samantha Mumba,2002
32,Laura Harring,2002
33,Shannyn Sossamon,2002
34,Michelle Rodriguez,2002
35,Jordana Brewster,2002
36,Susan Ward,2002
37,Brooke Burke,2002
38,Carla Gugino,2002
39,Ali Larter,2002
40,Izabella Scorupco,2002
41,Lil' Kim,2002
42,Teri Polo,2002
43,Mia Kirshner,2002
44,Kasey Chambers,2002
45,Radha Mitchell,2002
46,Gina Phillips,2002
47,Lauren German,2002
48,Jill Arrington,2002
49,Roselyn Sanchez,2002
50,Laura Prepon,2002
51,Eve,2002
52,Gabrielle Union,2002
53,Kylie Bax,2002
54,Eva Mendes,2002
55,Nelly Furtado,2002
56,Drea de Matteo,2002
57,Bridget Moynahan,2002
58,Talisa Soto,2002
59,Gretha Cavazzoni,2002
60,Molly Sims,2002
61,Aisha Tyler,2002
62,Paula Garces,2002
63,Scarlett Johansson,2002
64,Kate Groombridge,2002
65,Chyler Leigh,2002
66,Amanda Marcum,2002
67,Josie Maran,2002
68,Erika Christensen,2002
69,Brittany Daniel,2002
70,Sarah Wynter,2002
71,Katharine Towne,2002
72,Malia Jones,2002
73,Elisabeth Rohm,2002
74,Sarah Silverman,2002
75,Melissa Sagemiller,2002
76,Pink,2002
77,Amanda Detmer,2002
78,Monica Keena,2002
79,Cindy Taylor,2002
80,Tina Fey,2002
81,Veronica Kay,2002
82,January Jones,2002
83,Jules Asner,2002
84,Elisha Cuthbert,2002
85,Julie Benz,2002
86,Sara Spraker,2002
87,Sunny Mabrey,2002
88,Monet Mazur,2002
89,Sienna Guillory,2002
90,Jennifer Gareis,2002
91,Sira Mohan,2002
92,Desiree Dymond,2002
93,Carla Campbell,2002
94,Ziyi Zhang,2002
95,Rose Byrne,2002
96,Cameron Richardson,2002
97,Kelly Brook,2002
98,Chandra West,2002
99,Claudette Ortiz,2002
100,Victoria Silvstedt,2002
1,Christina Aguilera,2003
2,Shania Twain,2003
3,Kristanna Loken,2003
4,Charlie's Angels,2003
5,Jennifer Lopez,2003
6,Gisele Bundchen,2003
7,Trista Rehn,2003
8,Shakira,2003
9,Elisha Cuthbert,2003
10,t.A.T.u.,2003
11,Jennifer Garner,2003
12,Sarah Wynter,2003
13,Christina Applegate,2003
14,Kelly Hu,2003
15,Gwen Stefani,2003
16,Kate Beckinsale,2003
17,Kate Hudson,2003
18,Pamela Anderson,2003
19,Megan Ewing,2003
20,Jessica Alba,2003
21,Ashanti,2003
22,Kelly Rowland,2003
23,Monica Bellucci,2003
24,Minki Van Der Westhuizen,2003
25,Heidi Klum,2003
26,Halle Berry,2003
27,Kelly Clarkson,2003
28,Rachel Nichols,2003
29,Rebecca Romijn,2003
30,Britney Spears,2003
31,Mya,2003
32,Brittany Murphy,2003
33,Kirsten Dunst,2003
34,Sara Foster,2003
35,Carmen Electra,2003
36,Genelle Frenoy,2003
37,Brooke Burns,2003
38,Tyra Banks,2003
39,Reese Witherspoon,2003
40,The Pussycat Dolls,2003
41,Kristin Kreuk,2003
42,Asia Argento,2003
43,Angelina Jolie,2003
44,Kylie Minogue,2003
45,Sarah Michelle Gellar,2003
46,Beyonce,2003
47,Erika Christensen,2003
48,LeAnn Rimes,2003
49,Katie Holmes,2003
50,Anne Marie Kortright,2003
51,Karen Carreno,2003
52,Denise Richards,2003
53,Natasha Malthe,2003
54,Tara Reid,2003
55,Maggie Gyllenhaal,2003
56,Salma Hayek,2003
57,Adriana Lima,2003
58,Naomi Watts,2003
59,Taryn Manning,2003
60,Jaime Pressly,2003
61,Molly Sims,2003
62,Eva Mendes,2003
63,Jessica Simpson,2003
64,Pink,2003
65,Ali Larter,2003
66,Leonor Varela,2003
67,Rachel Perry,2003
68,Paulina Rubio,2003
69,Laetitia Casta,2003
70,Yamila-Diaz Rahi,2003
71,Eve,2003
72,Bianca Kajlich,2003
73,Laura Harring,2003
74,Aisha Tyler,2003
75,Alicia Keys,2003
76,Kim Smith,2003
77,Leslie Bega,2003
78,Lisa Snowden,2003
79,Mila Kunis,2003
80,Sofia Vergara,2003
81,Nichole Robinson,2003
82,Brooke Burke,2003
83,Sarah Shahi,2003
84,Shannyn Sossamon,2003
85,Desiree Dymond,2003
86,Rosario Dawson,2003
87,Michelle Rodriguez,2003
88,Emmanuelle Vaugier,2003
89,Gabrielle Union,2003
90,Jennifer Sky,2003
91,K.D. Aubert,2003
92,Avril Lavigne,2003
93,Rachelle Weisz,2003
94,Shakara Ledard,2003
95,Jennifer Love Hewitt,2003
96,Sarah Silverman,2003
97,Jolene Blalock,2003
98,Cindy Taylor,2003
99,Norah Jones,2003
100,Malia Jones,2003
1,Jessica Simpson,2004
2,Beyonce,2004
3,Christina Aguilera,2004
4,Anna Kournikova,2004
5,Jennifer Lopez,2004
6,Mischa Barton,2004
7,Rebecca Romijn,2004
8,Paris Hilton,2004
9,Jessica Alba,2004
10,Halle Berry,2004
11,Eve,2004
12,Carmen Electra,2004
13,Scarlett Johansson,2004
14,Brittany Murphy,2004
15,Janet Jackson,2004
16,Kim Smith,2004
17,Angelina Jolie,2004
18,Keira Knightley,2004
19,Kirsten Dunst,2004
20,Michelle Branch,2004
21,Elisha Cuthbert,2004
22,Cameron Diaz,2004
23,Josie Maran,2004
24,Portia de Rossi,2004
25,Maggie Gyllenhaal,2004
26,Kate Hudson,2004
27,Nicole Richie,2004
28,Shannon Elizabeth,2004
29,Ashanti,2004
30,Sara Foster,2004
31,Jessica Biel,2004
32,Mariah Carey,2004
33,Gwen Stefani,2004
34,Uma Thurman,2004
35,Pamela Anderson,2004
36,Britney Spears,2004
37,Krista Allen,2004
38,Liv Tyler,2004
39,Amber Arbucci,2004
40,Shania Twain,2004
41,Gisele Bundchen,2004
42,Brooke Burke,2004
43,Charlize Theron,2004
44,Kate Bosworth,2004
45,Liz Phair,2004
46,Paige Butcher,2004
47,Ana Hickmann,2004
48,Kelis,2004
49,Kylie Minogue,2004
50,Amber Brkich,2004
51,Gina Gershon,2004
52,Mya,2004
53,Naomi Watts,2004
54,Shakira,2004
55,Catherine Bell,2004
56,Kelly Hu,2004
57,Anna Faris,2004
58,Rachel Bilson,2004
59,Eva Mendes,2004
60,Monet Mazur,2004
61,Rachel Perry,2004
62,Tricia Helfer,2004
63,Shannyn Sossamon,2004
64,Fergie,2004
65,Larissa Meek,2004
66,Brooke Burns,2004
67,Christina Applegate,2004
68,Rachel Hunter,2004
69,Milla Jovovich,2004
70,Monika Kramlik,2004
71,Victoria Beckham,2004
72,Cameron Richardson,2004
73,Mandy Moore,2004
74,Bianca Kajlich,2004
75,Eva Green,2004
76,Elena Lyons,2004
77,Paulina Rubio,2004
78,Vanessa Marcil,2004
79,Zooey Deschanel,2004
80,Rachel Nichols,2004
81,Daisy Fuentes,2004
82,Thalia,2004
83,Blu Cantrell,2004
84,Dido,2004
85,Maria Menounos,2004
86,Victoria Pratt,2004
87,Christina DaRe,2004
88,Lindsay Price,2004
89,Rosario Dawson,2004
90,Eva Longoria,2004
91,Melissa Howard,2004
92,Nadine Velazquez,2004
93,Giuliana DePandi,2004
94,Brody Dalle,2004
95,Tamie Sheffield,2004
96,K.D. Aubert,2004
97,Missi Pyle,2004
98,Amanda Swisten,2004
99,Tamala Jones,2004
1,Eva Longoria,2005
2,Evangeline Lilly,2005
3,Jennifer Garner,2005
4,Lindsay Lohan,2005
5,Jessica Alba,2005
6,Rachel Bilson,2005
7,Angelina Jolie,2005
8,Brittany Murphy,2005
9,Jessica Simpson,2005
10,Sara Foster,2005
11,Cameron Diaz,2005
12,Eva Mendes,2005
13,Ashanti,2005
14,Rachel McAdams,2005
15,Charlize Theron,2005
16,Christina Aguilera,2005
17,Beyonce,2005
18,Jessica Biel,2005
19,Vanessa Marcil,2005
20,Paris Hilton,2005
21,Uma Thurman,2005
22,Katie Holmes,2005
23,Kate Beckinsale,2005
24,Scarlett Johansson,2005
25,Sofia Vergara,2005
26,Sarah Michelle Gellar,2005
27,Maggie Grace,2005
28,Jaime King,2005
29,Anna Kournikova,2005
30,Christina Milian,2005
31,Brooke Burns,2005
32,Jennifer Love Hewitt,2005
33,Mischa Barton,2005
34,Salma Hayek,2005
35,Ciara,2005
36,Avril Lavigne,2005
37,Nicole Richie,2005
38,Kate Bosworth,2005
39,Shania Twain,2005
40,Pamela Anderson,2005
41,Halle Berry,2005
42,Natalie Portman,2005
43,Kelly Carlson,2005
44,Malia Jones,2005
45,Poppy Montgomery,2005
46,Ashley Scott,2005
47,Emilie de Ravin,2005
48,Sienna Miller,2005
49,Rachel Perry,2005
50,Diane Kruger,2005
51,Nikki Cox,2005
52,Cameron Richardson,2005
53,Keira Knightley,2005
54,Jordana Brewster,2005
55,Samaire Armstrong,2005
56,Lacey Chabert,2005
57,Heidi Klum,2005
58,Brittany Lee,2005
59,Angela Marcello,2005
60,Brittny Gastineau,2005
61,Olivia Wilde,2005
62,Vanessa Minnillo,2005
63,Lauren Bush,2005
64,Kim Smith,2005
65,Leila Arcieri,2005
66,Kelly Brook,2005
67,Kristin Kreuk,2005
68,Kristen Bell,2005
69,Mena Suvari,2005
70,Krista Allen,2005
71,Molly Sims,2005
72,Aisha Tyler,2005
73,Amber Brkich,2005
74,Natasia Malthe,2005
75,Catherine Bell,2005
76,Shana Hiatt,2005
77,Laura Prepon,2005
78,Joanna Krupa,2005
79,Joanne Montanez,2005
80,Rebecca Romijn,2005
81,Grace Park,2005
82,Milla Jovovich,2005
83,Tricia Helfer,2005
84,Donna Feldman,2005
85,Ana Hickmann,2005
86,Emma Heming,2005
87,Alexis Bledel,2005
88,Jennifer Aniston,2005
89,Bonnie-Jill Laflin,2005
90,Sarah Shahi,2005
91,Summer Altice,2005
92,Bali Rodriguez,2005
93,Lokelani McMichael,2005
94,Amy Cobb,2005
95,Jennie Finch,2005
96,Julie Berry,2005
97,Ivana Bozilovic,2005
98,Moon Bloodgood,2005
99,Adrianne Curry,2005
1,Eva Longoria,2006
2,Jessica Alba,2006
3,Lindsay Lohan,2006
4,Angelina Jolie,2006
5,Stacy Keibler,2006
6,Scarlett Johansson,2006
7,Cameron Diaz,2006
8,Kate Bosworth,2006
9,Keira Knightley,2006
10,Christina Milian,2006
11,Kristen Bell,2006
12,Katherine Heigl,2006
13,Kelly Monaco,2006
14,Rachel Bilson,2006
15,Vanessa Minnillo,2006
16,Christina Aguilera,2006
17,Rachel McAdams,2006
18,Jessica Simpson,2006
19,Jamie-Lynn Sigler,2006
20,Eva Green,2006
21,Mischa Barton,2006
22,Mariah Carey,2006
23,Kristin Cavallari,2006
24,Kate Moss,2006
25,Charlize Theron,2006
26,Cindy Crawford,2006
27,Eva Mendes,2006
28,Mandy Moore,2006
29,Jennifer Love Hewitt,2006
30,Uma Thurman,2006
31,Emmanuelle Vaugier,2006
32,Veronica Varekova,2006
33,Natalie Portman,2006
34,Jaime Pressly,2006
35,Avril Lavigne,2006
36,Fergie,2006
37,Emmanuelle Chriqui,2006
38,Paris Hilton,2006
39,Nadine Velazquez,2006
40,Alicia Keys,2006
41,Daniella Alonso,2006
42,Sienna Miller,2006
43,Gabrielle Union,2006
44,Kelly Ripa,2006
45,Beyonce,2006
46,Rebecca Romijn,2006
47,Mila Kunis,2006
48,Nicolette Sheridan,2006
49,Brittany Murphy,2006
50,Sarah Silverman,2006
51,Naomi Watts,2006
52,Sara Foster,2006
53,Moon Bloodgood,2006
54,Heidi Klum,2006
55,Vanessa Marcil,2006
56,Jessica Biel,2006
57,Autumn Reeser,2006
58,Joss Stone,2006
59,Jordana Brewster,2006
60,Shakira,2006
61,Joanna Krupa,2006
62,Nicky Hilton,2006
63,Kelly Carlson,2006
64,Poppy Montgomery,2006
65,Emilie de Ravin,2006
66,Sarah Shahi,2006
67,Evangeline Lilly,2006
68,Cinthia Moura,2006
69,Kelly Clarkson,2006
70,Leeann Tweeden,2006
71,Roselyn Sanchez,2006
72,Anna Kournikova,2006
73,Teri Hatcher,2006
74,Michele Merkin,2006
75,Maggie Grace,2006
76,April Scott,2006
77,Ciara,2006
78,Bree,2006
79,Halle Berry,2006
80,Rachel Nichols,2006
81,Penelope Cruz,2006
82,Vanessa Simmons,2006
83,Rachel Perry,2006
84,Amerie,2006
85,Carmen Electra,2006
86,Aubrey O'Day,2006
87,Jennifer Scholle,2006
88,Tila Tequila,2006
89,Tami,2006
90,Chilli,2006
91,Kim Smith,2006
92,Elisha Cuthbert,2006
93,Grace Park,2006
94,Brooke Burke,2006
95,Tricia Helfer,2006
96,Bridget Moynahan,2006
97,FSU Cowgirls,2006
98,Yunjin Kim,2006
99,Jennifer Aniston,2006
100,Natasha Bedingfield,2006
1,Lindsay Lohan,2007
2,Jessica Alba,2007
3,Scarlett Johansson,2007
4,Christina Aguilera,2007
5,Jessica Biel,2007
6,Ali Larter,2007
7,Eva Mendes,2007
8,Rihanna,2007
9,Eva Longoria,2007
10,Fergie,2007
11,Sienna Miller,2007
12,Angelina Jolie,2007
13,Beyonce,2007
14,Katherine Heigl,2007
15,Avril Lavigne,2007
16,Ashlee Simpson,2007
17,Maria Sharapova,2007
18,Megan Fox,2007
19,Cameron Diaz,2007
20,Keira Knightley,2007
21,Kate Beckinsale,2007
22,Nicole Scherzinger,2007
23,Hilary Duff,2007
24,Sophia Bush,2007
25,Elisha Cuthbert,2007
26,Nelly Furtado,2007
27,Kate Hudson,2007
28,Carmen Electra,2007
29,Sarah Silverman,2007
30,Rebecca Romijn,2007
31,Amy Smart,2007
32,Lacey Chabert,2007
33,Roselyn Sanchez,2007
34,Vanessa Minnillo,2007
35,Jennifer Garner,2007
36,Jaime King,2007
37,Ashley Olsen,2007
38,Shakira,2007
39,Rachel Bilson,2007
40,Moon Bloodgood,2007
41,Jessica Simpson,2007
42,Minka Kelly,2007
43,Kate Mara,2007
44,Rose McGowan,2007
45,Bar Refaeli,2007
46,Kristen Bell,2007
47,Katharine McPhee,2007
48,Mandy Moore,2007
49,Mischa Barton,2007
50,Miss Maxim,2007
51,Alessandra Ambrosio,2007
52,Kate Walsh,2007
53,Adriana Lima,2007
54,Missy Peregrym,2007
55,Halle Berry,2007
56,Michele Merkin,2007
57,Tricia Helfer,2007
58,Penelope Cruz,2007
59,Jamie-Lynn Sigler,2007
60,Jessica White,2007
61,Nadine Velazquez,2007
62,Danneel Harris,2007
63,Bianca Kajlich,2007
64,Lena Headey,2007
65,Autumn Reeser,2007
66,Joanna Krupa,2007
67,Gabrielle Union,2007
68,Evangeline Lilly,2007
69,Danica Patrick,2007
70,Stacy Keibler,2007
71,Willa Ford,2007
72,Ciara,2007
73,Mena Suvari,2007
74,Tara Conner,2007
75,April Scott,2007
76,Diora Baird,2007
77,Hilarie Burton,2007
78,Joss Stone,2007
79,Adrianne Palicki,2007
80,Abbie Cornish,2007
81,Emmanuelle Chriqui,2007
82,Dita Von Teese,2007
83,Ivanka Trump,2007
84,Hometown Hottie,2007
85,Kelly Ripa,2007
86,Michelle Trachtenberg,2007
87,Raquel Alessi,2007
88,Haylie Duff,2007
89,Salma Hayek,2007
90,Isla Fisher,2007
91,Mary Elizabeth Winstead,2007
92,Christina Milian,2007
93,Kelly Carlson,2007
94,Second Life Girl,2007
95,Shanna Moakler,2007
96,Kim Kardashian,2007
97,Yunjin Kim,2007
98,Mía Maestro,2007
99,Noureen Dewulf,2007
1,Marisa Miller,2008
2,Scarlett Johansson,2008
3,Jessica Biel,2008
4,Eva Longoria,2008
5,Sarah Michelle Gellar,2008
6,Elisha Cuthbert,2008
7,Eva Mendes,2008
8,Christina Aguilera,2008
9,Lindsay Lohan,2008
10,Ashley Tisdale,2008
11,Charlize Theron,2008
12,Vanessa Hudgens,2008
13,Hayden Panettiere,2008
14,Beyonce,2008
15,Rihanna,2008
16,Megan Fox,2008
17,The Pussycat Dolls,2008
18,Ashlee Simpson,2008
19,Britney Spears,2008
20,Jennifer Love Hewitt,2008
21,Amber Heard,2008
22,Mischa Barton,2008
23,Jaime King,2008
24,Avril Lavigne,2008
25,Hilary Duff,2008
26,Cameron Diaz,2008
27,Sienna Miller,2008
28,Rachel Bilson,2008
29,Shannon Elizabeth,2008
30,Julianne Hough,2008
31,Molly Sims,2008
32,Lake Bell,2008
33,Heidi Klum,2008
34,Jessica Alba,2008
35,Fergie,2008
36,Heidi Montag,2008
37,Ashanti,2008
38,Eliza Dushku,2008
39,Sofia Vergara,2008
40,Drew Barrymore,2008
41,Nadine Velazquez,2008
42,Zoe Saldana,2008
43,Blake Lively,2008
44,Jennifer Garner,2008
45,Danneel Harris,2008
46,Amanda Bynes,2008
47,Ashley Olsen,2008
48,Leighton Meester,2008
49,Nelly Furtado,2008
50,Anna Paquin,2008
51,Leslie Bibb,2008
52,Mena Suvari,2008
53,Jessica Simpson,2008
54,Minka Kelly,2008
55,Kristen Bell,2008
56,Lauren Conrad,2008
57,Taylor Swift,2008
58,Rebecca Romijn,2008
59,Malin Akerman,2008
60,Taryn Manning,2008
61,Isla Fisher,2008
62,Kat Von D,2008
63,Selita Ebanks,2008
64,Diora Baird,2008
65,Karolina Kurkova,2008
66,Christina Ricci,2008
67,Sarah Mutch,2008
68,Emilie de Ravin,2008
69,Vanessa Minnillo,2008
70,Roselyn Sanchez,2008
71,Mariah Carey,2008
72,Natasha Bedingfield,2008
73,Gabrielle Union,2008
74,Audrina Patridge,2008
75,Mandy Moore,2008
76,Kate Bosworth,2008
77,Alicia Keys,2008
78,Susie Castillo,2008
79,Christina Milian,2008
80,Natalie Zea,2008
81,Mila Kunis,2008
82,Penelope Cruz,2008
83,Whitney Able,2008
84,America Ferrera,2008
85,Paz Vega,2008
86,Ashley Scott,2008
87,Dita Von Teese,2008
88,Evangeline Lilly,2008
89,Stacy Keibler,2008
90,Lacey Chabert,2008
91,Danica Patrick,2008
92,Ali Larter,2008
93,Brittany Snow,2008
94,Emma Watson,2008
95,Zooey Deschanel,2008
96,Michele Merkin,2008
97,Olivia Wilde,2008
98,Cheryl Burke,2008
99,Olivia Munn,2008
100,Tila Tequila,2008
1,Olivia Wilde,2009
2,Megan Fox,2009
3,Bar Refaeli,2009
4,Malin Akerman,2009
5,Mila Kunis,2009
6,Eliza Dushku,2009
7,Adriana Lima,2009
8,Rihanna,2009
9,Jordana Brewster,2009
10,Jennifer Love Hewitt,2009
11,Jessica Biel,2009
12,Leighton Meester,2009
13,Jessica Alba,2009
14,Christina Aguilera,2009
15,Katy Perry,2009
16,Gina Carano,2009
17,Britney Spears,2009
18,Marisa Miller,2009
19,Chan Marshall,2009
20,Moon Bloodgood,2009
21,AnnaLynne McCord,2009
22,Kate Beckinsale,2009
23,Lindsay Lohan,2009
24,Eva Mendes,2009
25,Julianne Hough,2009
26,Angelina Jolie,2009
27,Vanessa Hudgens,2009
28,Danneel Harris,2009
29,Zoe Saldana,2009
30,Penelope Cruz,2009
31,Hilary Duff,2009
32,Ciara,2009
33,Blake Lively,2009
34,Scarlett Johansson,2009
35,Anna Kournikova,2009
36,Hayden Panettiere,2009
37,Cameron Diaz,2009
38,Charlize Theron,2009
39,Anna Faris,2009
40,Lily Allen,2009
41,Nadine Velazquez,2009
42,Nikki Reed,2009
43,Elisha Cuthbert,2009
44,Avril Lavigne,2009
45,Fergie,2009
46,Nicole Scherzinger,2009
47,Katie Cassidy,2009
48,Freida Pinto,2009
49,Taylor Swift,2009
50,Sienna Miller,2009
51,Beyonce,2009
52,Kim Kardashian,2009
53,Rachel Bilson,2009
54,Christina Milian,2009
55,Amber Heard,2009
56,Audrina Patridge,2009
57,Miranda Kerr,2009
58,Ana Ivanovic,2009
59,Carrie Underwood,2009
60,Dania Ramirez,2009
61,Heidi Klum,2009
62,Milla Jovovich,2009
63,Diora Baird,2009
64,Amanda Righetti,2009
65,Emma Stone,2009
66,Emmy Rossum,2009
67,Ashley Greene,2009
68,Jennifer Morrison,2009
69,Maria Menounos,2009
70,Gabrielle Union,2009
71,Camilla Belle,2009
72,Ashley Tisdale,2009
73,Amanda Bynes,2009
74,Tricia Helfer,2009
75,Cameron Richardson,2009
76,Stacy Keibler,2009
77,Danica Patrick,2009
78,Jaime King,2009
79,Jamie Gunns,2009
80,Heidi Montag,2009
81,Emma Watson,2009
82,Whitney Port,2009
83,Minka Kelly,2009
84,Michelle Trachtenberg,2009
85,Ali Campoverdi,2009
86,Summer Glau,2009
87,Diane Kruger,2009
88,Jamie Chung,2009
89,Roselyn Sanchez,2009
90,Chelsea Handler,2009
91,Joanna Krupa,2009
92,Michelle Obama,2009
93,Yvonne Strahovski,2009
94,Padma Lakshmi,2009
95,Olivia Munn,2009
96,Marisa Tomei,2009
97,Rebecca Mader,2009
98,Melissa Rycroft,2009
99,Deanna Russo,2009
1,Katy Perry,2010
2,Brooklyn Decker,2010
3,Zoe Saldana,2010
4,Blake Lively,2010
5,Megan Fox,2010
6,Rihanna,2010
7,Elisabetta Canalis,2010
8,Olivia Munn,2010
9,Kim Kardashian,2010
10,Marisa Miller,2010
11,Eva Mendes,2010
12,Audrina Patridge,2010
13,Amber Heard,2010
14,Scarlett Johansson,2010
15,Amanda Bynes,2010
16,Selita Ebanks,2010
17,Leighton Meester,2010
18,Christina Aguilera,2010
19,Bar Refaeli,2010
20,Olivia Wilde,2010
21,Milla Jovovich,2010
22,Mila Kunis,2010
23,Arianny Celeste,2010
24,Nicole Scherzinger,2010
25,Danica Patrick,2010
26,Eliza Dushku,2010
27,Hilary Duff,2010
28,Kaley Cuoco,2010
29,Ashley Greene,2010
30,Hayden Panettiere,2010
31,Taylor Swift,2010
32,Jessica Biel,2010
33,January Jones,2010
34,Jessica Alba,2010
35,Jennifer Love Hewitt,2010
36,Rachelle Leah,2010
37,Joanna Krupa,2010
38,Angelina Jolie,2010
39,Malin Akerman,2010
40,Dania Ramirez,2010
41,Katie Cassidy,2010
42,Anna Faris,2010
43,Jordana Brewster,2010
44,Stephanie Pratt,2010
45,Julianne Hough,2010
46,Rachel Bilson,2010
47,Sofia Vergara,2010
48,Emmy Rossum,2010
49,Emma Stone,2010
50,Alice Eve,2010
51,Moon Bloodgood,2010
52,Kristen Bell,2010
53,Laura Vandervoort,2010
54,Britney Spears,2010
55,Tricia Helfer,2010
56,Ke$ha,2010
57,Gabrielle Union,2010
58,Erin Andrews,2010
59,Lindsey Vonn,2010
60,Grace Park,2010
61,Naya Rivera,2010
62,Lyndsy Fonseca,2010
63,Alessandra Ambrosio,2010
64,Camilla Belle,2010
65,Christian Serratos,2010
66,Peyton List,2010
67,AnnaLynne McCord,2010
68,Emmanuelle Chriqui,2010
69,Monica Keena,2010
70,Odette Yustman,2010
71,Dawn Olivieri,2010
72,Danneel Harris,2010
73,Zooey Deschanel,2010
74,Natalie Morales,2010
75,Lily Allen,2010
76,Kristin Cavallari,2010
77,Yvonne Strahovski,2010
78,Emma Roberts,2010
79,Rebecca Mader,2010
80,Maria Menounos,2010
81,Navi Rawat,2010
82,Stacy Keibler,2010
83,Danielle Panabaker,2010
84,Anna Paquin,2010
85,Kylie Bisutti,2010
86,Jessie James,2010
87,Chelsea Handler,2010
88,Daniela Ruah,2010
89,Kelly Brook,2010
90,Keeley Hazell,2010
91,Amber Lancaster,2010
92,Helena Mattsson,2010
93,Kara DioGuardi,2010
94,Kelly Ripa,2010
95,Kristin Gustafson,2010
96,Lea Seydoux,2010
97,iJustine,2010
98,Chanel,2010
99,Lauren Storm,2010
1,Rosie Huntington-Whiteley,2011
2,Olivia Munn,2011
3,Katy Perry,2011
4,Cameron Diaz,2011
5,Mila Kunis,2011
6,Bar Refaeli,2011
7,Anne Hathaway,2011
8,Natalie Portman,2011
9,Cobie Smulders,2011
10,Jennifer Lawrence,2011
11,Jordana Brewster,2011
12,January Jones,2011
13,Kaley Cuoco,2011
14,Scarlett Johansson,2011
15,Olivia Wilde,2011
16,Leighton Meester,2011
17,Megan Fox,2011
18,Eva Mendes,2011
19,Anna Kournikova,2011
20,Taylor Swift,2011
21,Jessica Alba,2011
22,Rihanna,2011
23,Brittany Snow,2011
24,Sarah Shahi,2011
25,Britney Spears,2011
26,Kate Middleton,2011
27,Michelle Trachtenberg,2011
28,Lea Michele,2011
29,Sofia Vergara,2011
30,Amanda Bynes,2011
31,Evan Rachel Wood,2011
32,Emmy Rossum,2011
33,Dania Ramirez,2011
34,Avril Lavigne,2011
35,Kim Kardashian,2011
36,Brooklyn Decker,2011
37,Zoe Saldana,2011
38,Lindsay Lohan,2011
39,Rebecca Mader,2011
40,Hilary Duff,2011
41,Jaimie Alexander,2011
42,Emma Stone,2011
43,Naya Rivera,2011
44,Anna Faris,2011
45,Emmanuelle Chriqui,2011
46,Beau Garrett,2011
47,Odette Annable,2011
48,Julianne Hough,2011
49,Selita Ebanks,2011
50,Nicole Scherzinger,2011
51,Minka Kelly,2011
52,Ashley Greene,2011
53,Vanessa Hudgens,2011
54,Joanna Krupa,2011
55,Christina Hendricks,2011
56,Audrina Patridge,2011
57,Christina Aguilera,2011
58,Grace Park,2011
59,Kelly Brook,2011
60,Eva Amurri,2011
61,Whitney Port,2011
62,Ana De La Reguera,2011
63,Miley Cyrus,2011
64,Elisha Cuthbert,2011
65,Aly Michalka,2011
66,Ciara,2011
67,Anna Paquin,2011
68,Emma Watson,2011
69,Arianny Celeste,2011
70,Taylor Cole,2011
71,Stacy Keibler,2011
72,Jamie Chung,2011
73,Laura Vandervoort,2011
74,Nicki Minaj,2011
75,Diora Baird,2011
76,Anna Chapman,2011
77,JWoww,2011
78,Mini Anden,2011
79,Danica McKellar,2011
80,Gabrielle Union,2011
81,Kelly Kelly,2011
82,Carly Craig,2011
83,Paz de la Huerta,2011
84,Rachelle Leah,2011
85,Autumn Reeser,2011
86,Emmanuelle Vaugier,2011
87,Daniela Ruah,2011
88,Lyndsy Fonseca,2011
89,Lauren Storm,2011
90,Erin Andrews,2011
91,Nicky Whelan,2011
92,Kelli Hutcherson,2011
93,Alessandra Toressani,2011
94,Serinda Swan,2011
95,Sophie Monk,2011
96,Hope Dworaczyk,2011
97,Camilla Belle,2011
98,Candace Bailey,2011
99,Melanie Iglesias,2011
1,Bar Refaeli,2012
2,Olivia Munn,2012
3,Mila Kunis,2012
4,Katy Perry,2012
5,Olivia Wilde,2012
6,Jennifer Lawrence,2012
7,Emma Stone,2012
8,Megan Fox,2012
9,Malin Akerman,2012
10,Adrianne Palicki,2012
11,Rosie Huntington-Whiteley,2012
12,Kate Beckinsale,2012
13,Blake Lively,2012
14,Lea Michele,2012
15,Kristen Stewart,2012
16,Charlize Theron,2012
17,Scarlett Johansson,2012
18,Katrina Bowden,2012
19,Victoria Justice,2012
20,Jennifer Love Hewitt,2012
21,Emma Watson,2012
22,Kaley Cuoco,2012
23,Anne Hathaway,2012
24,Selena Gomez,2012
25,Jessica Gomes,2012
26,Taylor Swift,2012
27,Naya Rivera,2012
28,Jessica Biel,2012
29,Eva Mendes,2012
30,Bérénice Marlohe,2012
31,Candice Swanepoel,2012
32,Rihanna,2012
33,Jessica Alba,2012
34,Elisha Cuthbert,2012
35,Yvonne Strahovski,2012
36,Sarah Shahi,2012
37,Jennifer Lopez,2012
38,Kelly Kelly,2012
39,Kate Upton,2012
40,Miranda Kerr,2012
41,Zooey Deschanel,2012
42,Brooklyn Decker,2012
43,Ashley Greene,2012
44,Lake Bell,2012
45,Zoe Saldana,2012
46,Adriana Lima,2012
47,Julianne Hough,2012
48,Brittany Snow,2012
49,Emmy Rossum,2012
50,Sarah Hyland,2012
51,Stacy Keibler,2012
52,Jordana Brewster,2012
53,Amber Heard,2012
54,Katharine McPhee,2012
55,Emma Roberts,2012
56,Lily Collins,2012
57,Lee Newton,2012
58,Arianny Celeste,2012
59,Amanda Bynes,2012
60,Shakira,2012
61,Kristen Bell,2012
62,Vanessa Hudgens,2012
63,Dawn Olivieri,2012
64,Maria Menounos,2012
65,Cobie Smulders,2012
66,Alex Morgan,2012
67,Rebecca Mader,2012
68,Miley Cyrus,2012
69,Stephen Colbert,2012
70,Michelle Dockery,2012
71,Sofia Vergara,2012
72,Kellie Pickler,2012
73,Abby Elliot,2012
74,JWoww,2012
75,Jessica Rafalowski,2012
76,Teresa Palmer,2012
77,Christina Hendricks,2012
78,Kirby Bliss Blanton,2012
79,Nicki Minaj,2012
80,Stana Katic,2012
81,Pippa Middleton,2012
82,April Rose,2012
83,Dania Ramirez,2012
84,Nina Dobrev,2012
85,Lois Griffin,2012
86,Caroline Wozniaki,2012
87,Paulina Gretzky,2012
88,Jacqueline MacInnes Wood,2012
89,Dalena Henriques,2012
90,Bria Murphy,2012
91,Claire Coffee,2012
92,Amanda Knox,2012
93,La La Anthony,2012
94,Alexandra Breckinridge,2012
95,Layla El,2012
96,Nadia G,2012
97,Kat Dennings,2012
98,Anahí,2012
99,Poppy Montgomery,2012
100,Dominique Storelli,2012
1,Miley Cyrus,2013
2,Selena Gomez,2013
3,Rihanna,2013
4,Mila Kunis,2013
5,Jennifer Lawrence,2013
6,Jennifer Love Hewitt,2013
7,Ashley Tisdale,2013
8,Kate Upton,2013
9,Vanessa Hudgens,2013
10,Elisha Cuthbert,2013
11,Katy Perry,2013
12,Kate Beckinsale,2013
13,Taylor Swift,2013
14,Beyonce,2013
15,Scarlett Johansson,2013
16,Olivia Wilde,2013
17,Jessica Alba,2013
18,Arianny Celeste,2013
19,Emma Watson,2013
20,Megan Fox,2013
21,Emma Stone,2013
22,Christina Hendricks,2013
23,Heather Graham,2013
24,Blake Lively,2013
25,Katrina Bowden,2013
26,Demi Lovato,2013
27,Danielle Fishel,2013
28,Olivia Munn,2013
29,Ronda Rousey,2013
30,Hayden Panettiere,2013
31,Charlize Theron,2013
32,Kaley Cuoco,2013
33,Sarah Shahi,2013
34,Adrianne Palicki,2013
35,Bérénice Marlohe,2013
36,Leighton Meester,2013
37,Amanda Seyfried,2013
38,Zoe Saldana,2013
39,Lea Michele,2013
40,Julianne Hough,2013
41,Malin Akerman,2013
42,Rosie Huntington-Whiteley,2013
43,Jordana Brewster,2013
44,Sarah Hyland,2013
45,Naya Rivera,2013
46,Yvonne Strahovski,2013
47,Ashley Greene,2013
48,Nina Dobrev,2013
49,Sofia Vergara,2013
50,Lake Bell,2013
51,Brittany Snow,2013
52,Bar Paly,2013
53,Shakira,2013
54,Kamala Harris,2013
55,Rachel McAdams,2013
56,Emmy Rossum,2013
57,Eva Mendes,2013
58,Amber Heard,2013
59,Brooklyn Decker,2013
60,Stana Katic,2013
61,Emily VanCamp,2013
62,Cameron Diaz,2013
63,Stacy Keibler,2013
64,Candice Swanepoel,2013
65,Emilia Clarke,2013
66,Joanna Krupa,2013
67,Brittney Palmer,2013
68,Anne V,2013
69,Manti Te'o's Fake Girlfriend,2013
70,Nina Agdal,2013
71,Sara Underwood,2013
72,Jessica Chastain,2013
73,Katharine McPhee,2013
74,Rachel Bilson,2013
75,Natalie Martinez,2013
76,Emma Roberts,2013
77,Janina Gavankar,2013
78,Ke$ha,2013
79,Hoda Kotb,2013
80,Jamie Chung,2013
81,Maggie Grace,2013
82,Ashley Benson,2013
83,Kat Dennings,2013
84,Alice Eve,2013
85,Aubrey Plaza,2013
86,Rocsi Diaz,2013
87,Katie Cassidy,2013
88,Elisabeth Harnois,2013
89,April Rose,2013
90,Leven Rambin,2013
91,Allison Williams,2013
92,Kenda Perez,2013
93,Lynsi Torres,2013
94,Dawn Olivieri,2013
95,Zooey Deschanel,2013
96,Kellie Pickler,2013
97,Daniella Alonso,2013
98,Rebecca Mader,2013
99,Ashley Sky,2013
100,Dessie Mitcheson,2013
1,Candice Swanepoel,2014
2,Scarlett Johansson,2014
3,Katy Perry,2014
4,Irina Shayk,2014
5,Jennifer Lawrence,2014
6,Zooey Deschanel,2014
7,Alessandra Ambrosio,2014
8,Jessica Alba,2014
9,Mila Kunis,2014
10,Cara Delevigne,2014
11,Rihanna,2014
12,Kate Upton,2014
13,Eva Longoria,2014
14,Olivia Wilde,2014
15,Christina Aguilera,2014
16,Brooklyn Decker,2014
17,Laura Vandervoort,2014
18,Samantha Hoopes,2014
19,Selena Gomez,2014
20,Kaley Cuoco,2014
21,Beyonce,2014
22,Margot Robbie,2014
23,Miranda Kerr,2014
24,Charlize Theron,2014
25,Miley Cyrus,2014
26,Hayden Panettiere,2014
27,Emma Stone,2014
28,Vanessa Hudgens,2014
29,Zoe Saldana,2014
30,Sophia Bush,2014
31,Lea Michele,2014
32,Lake Bell,2014
33,Ashley Tisdale,2014
34,Alyssa Milano,2014
35,Jennifer Love Hewitt,2014
36,Jennifer Lopez,2014
37,Nina Agdal,2014
38,Shakira,2014
39,Gina Carano,2014
40,Demi Lovato,2014
41,Lauren Cohan,2014
42,Ronda Rousey,2014
43,Kate Beckinsale,2014
44,Avril Lavigne,2014
45,Lacey Chabert,2014
46,Kellie Pickler,2014
47,Kendall Jenner,2014
48,Paula Patton,2014
49,Emilia Clarke,2014
50,Stana Katic,2014
51,Emily VanCamp,2014
52,Jordana Brewster,2014
53,Nina Dobrev,2014
54,Sofia Vergara,2014
55,Lily Aldridge,2014
56,Carrie Underwood,2014
57,Morena Baccarin,2014
58,Miesha Tate,2014
59,Arianny Celeste,2014
60,Sarah Dumont,2014
61,Amber Heard,2014
62,Emily Ratajkowski,2014
63,Summer Glau,2014
64,Melissa Rauch,2014
65,Kerry Washington,2014
66,Bar Paly,2014
67,Sarah Shahi,2014
68,Dylan Penn,2014
69,Danielle Fishel,2014
70,Kacey Musgraves,2014
71,Hannah Davis,2014
72,Liz Hernandez,2014
73,Jill Wagner,2014
74,Rocsi Diaz,2014
75,Jaimie Alexander,2014
76,Allison Williams,2014
77,Anna Paquin,2014
78,Ana Ivanovic,2014
79,Alexandra Daddario,2014
80,Gabrielle Union,2014
81,Lana Del Rey,2014
82,Eva Marie,2014
83,Gal Gadot,2014
84,Lisalla Montenegro,2014
85,Victoria Justice,2014
86,Sage Erickson,2014
87,A.J. Cook,2014
88,Joanna Krupa,2014
89,Ireland Baldwin,2014
90,Taylor Momsen,2014
91,Rebecca Mader,2014
92,Noureen DeWulf,2014
93,Jessica Parker Kennedy,2014
94,Lydia Hearst,2014
95,Iggy Azalea,2014
96,Lili Simmons,2014
97,Beth Ostrosky Stern,2014
98,Caity Lotz,2014
99,Rebecca Garcia,2014
1,Taylor Swift,2015
2,Emily Ratajkowski,2015
3,Selena Gomez,2015
4,Emma Watson,2015
5,Adriana Lima,2015
6,Miley Cyrus,2015
7,Candice Swanepoel,2015
8,Sara Sampaio,2015
9,Jessica Alba,2015
10,Katy Perry,2015
11,Mila Kunis,2015
12,Scarlett Johansson,2015
13,Jennifer Lawrence,2015
14,Nina Dobrev,2015
15,Kate Upton,2015
16,Emma Stone,2015
17,Margott Robbie,2015
18,Shay Mitchell,2015
19,Kristin Kreuk,2015
20,Miranda Kerr,2015
21,Amber Heard,2015
22,Alessandra Ambrosio,2015
23,Irina Shayk,2015
24,Ariana Grande,2015
25,Ashley Benson,2015
26,Elsa Hosk,2015
27,Victoria Justice,2015
28,Lana Del Rey,2015
29,Amanda Seyfried,2015
30,Lucy Hale,2015
31,Rihanna,2015
32,Kendall Jenner,2015
33,Vanessa Hudgens,2015
34,Rosie Huntington-Whiteley,2015
35,Rachel McAdams,2015
36,Alice Eve,2015
37,Angelina Jolie,2015
38,Emilia Clarke,2015
39,Doutzen Kroes,2015
40,Beyoncé,2015
41,Lily Aldridge,2015
42,Dakota Johnson,2015
43,Dianna Agron,2015
44,Jourdan Dunn,2015
45,Eva Mendes,2015
46,Behati Prinsloo,2015
47,Shailen Woodley,2015
48,Natalie Dormer,2015
49,Alexandra Daddario,2015
50,Zooey Deschanel,2015
51,Lily Collins,2015
52,Phoebe Tonkin,2015
53,Nicole Beharie,2015
54,Carrie Underwood,2015
55,Iggy Azalea,2015
56,Emmy Rossum,2015
57,Willa Holland,2015
58,Anastacia Ashley,2015
59,Emma Roberts,2015
60,Joan Smalls,2015
61,Candice Patton,2015
62,Kate Mara,2015
63,Evangeline Lilly,2015
64,Gal Gadot,2015
65,Bregje Heinen,2015
66,Alison Brie,2015
67,Rosamund Pike,2015
68,Hayley Williams,2015
69,Maggie Grace,2015
70,Felicity Jones,2015
71,Jamie Chung,2015
72,Silje Norendal,2015
73,Gisele Bundchen,2015
74,Elizabeth Olsen,2015
75,Charlie XCX,2015
76,Emily DiDonato,2015
77,Kaya Scodelario,2015
78,Jasmine Sanders,2015
79,Rita Ora,2015
80,Isabeli Fontana,2015
81,Lupita Nyong'o,2015
82,Tatiana Maslany,2015
83,Lizzy Caplan,2015
84,Kacey Musgraves,2015
85,Lily James,2015
86,Nathalie Emmanuel,2015
87,Léa Seydoux,2015
88,Gugu Mbatha-Raw,2015
89,Suki Waterhouse,2015
90,Britt Robertson,2015
91,Imogen Poots,2015
92,Lara Stone,2015
93,Andreea Diaconu,2015
94,Isabel Lucas,2015
95,Camille Rowe,2015
96,Alicia Vikander,2015
97,FKA Twigs,2015
98,Abbey Lee,2015
99,Jessica Hart,2015
100,Teresa Palmer,2015
51,Candice Swanepoel,2016
3,Margot Robbie,2016
88,Jessica Alba,2016
89,Selena Gomez,2016
57,Kate Upton,2016
34,Scarlett Johansson,2016
85,Nina Agdal,2016
33,Lily Aldridge,2016
62,Mila Kunis,2016
76,Shay Mitchell,2016
14,Adriana Lima,2016
91,Olivia Munn,2016
83,Alexandra Daddario,2016
69,Amber Heard,2016
56,Miranda Kerr,2016
100,Olivia Wilde,2016
4,Barbara Palvin,2016
36,Rosie Huntington-Whiteley,2016
70,Charlotte McKinney,2016
29,Hannah Davis,2016
46,Marloes Horst,2016
41,Lindsay Ellingson,2016
66,Behati Prinsloo,2016
96,Kendall,2016
81,Kaley Cuoco,2016
27,Bar Refaeli,2016
28,Karlie Kloss,2016
84,Gal Gadot,2016
44,Martha Hunt,2016
67,Josephine Skriver,2016
2,Irina Shayk,2016
64,Penélope Cruz,2016
99,Sofía Vergara,2016
22,Erin Heatherton,2016
48,Doutzen Kroes,2016
49,Emily DiDonato,2016
5,Alessandra Ambrosio,2016
54,Izabel Goulart,2016
31,Sandra Kubicka,2016
16,Gigi Hadid,2016
15,Alyssa Miller,2016
74,Taylor Swift,2016
78,Eva Longoria,2016
1,Stella Maxwell,2016
63,Ana Beatriz Barros,2016
25,Sara Sampaio,2016
42,Taylor Hill,2016
68,Beyoncé Knowles,2016
18,Hailey Clauson,2016
43,Gisele Bündchen,2016
77,Olivia Culpo,2016
21,Karolína Kurková,2016
40,Isabeli Fontana,2016
60,Camille Rowe,2016
95,Zoe Saldana,2016
55,Elsa Hosk,2016
75,Bojana Krsmanovic,2016
65,Hilary Rhoda,2016
10,Cara Delevingne,2016
53,Emmy Rossum,2016
79,Priyanka Chopra,2016
9,Devon Windsor,2016
17,Anna Ewers,2016
92,Natasha Poly,2016
58,Lana Del Rey,2016
32,Cameron Russell,2016
23,Rihanna,2016
90,Demi Lovato,2016
72,Edita Vilkeviciute,2016
98,Lais Ribeiro,2016
86,Ashley Graham,2016
71,Magdalena Frackowiak,2016
97,Toni Garrn,2016
61,Aline Weber,2016
30,Karmen Pedaru,2016
8,Ciara,2016
19,Daniela Braga,2016
24,Hailey Baldwin,2016
59,Jasmine Sanders,2016
73,Bella Hadid,2016
12,Lindsey Wixson,2016
38,Kate Grigorieva,2016
93,Liya Kebede,2016
94,Rita Ora,2016
47,Joan Smalls,2016
11,Constance Jablonski,2016
52,Anja Rubik,2016
13,Ming Xi,2016
50,Jourdan Dunn,2016
80,Cindy Bruna,2016
35,Chanel Iman,2016
26,Jessica Hart,2016
7,Georgia May Jagger,2016
82,Sasha Luss,2016
37,Lily Donaldson,2016
87,Lara Stone,2016
6,Sasha Pivovarova,2016
39,Liu Wen,2016
